date,repo,hash
2025-02-13,uv,a8b5d975b30920e43abcef1b61c636b8113944c7
2025-02-12,uv,e38ac4900d50c85ccff72be2a0b9e2b41554f2da
2025-02-11,uv,ecf40b993f504cc74437d5c2ff4cfe471930c6ca
2025-02-10,uv,86062f952ebca1ee9cbefc16c31cf3e4c77790a4
2025-02-09,uv,df7b7081fd337de32089f5cef99c90f19587fbad
2025-02-08,uv,6dfac4559b9c5bfd0a8fbf1787ce25a0d91abecd
2025-02-07,uv,96ac4b72b196a0e81b69c8defabdc5f8811a8a8c
2025-02-06,uv,67e2f904ed3beb6caf3fa0aa2d9f9751e21a50fe
2025-02-05,uv,7170c5d25c09420217b39c3bab63e2e480712d28
2025-02-04,uv,f615e81ad5c5e3db99477fb9b7e5e2e0336a8030
2025-02-03,uv,73e9928d406e9ea45eea7f69fb9ec578f38b4657
2025-02-02,uv,1cfe5be355ba337f9b785b8526788fae419f266b
2025-02-01,uv,2dfeafbaa43e768304eae36a520c4f9cda7134f6
2025-01-31,uv,e6ead20aac1efcb41a8826ef409109f6f17189ca
2025-01-30,uv,5ef3d513903c623a0c2bec278ff087b5470c3930
2025-01-29,uv,35ded6d7e17f010337f1d9f3f243ebc64c4e48a0
2025-01-28,uv,9c07c3fc5b2c7e3e7d163e1a545d6147f63d2306
2025-01-27,uv,bd9607bbf9968c78bdcbe0dd2c07b1db7b284723
2025-01-25,uv,86ec6c86dde57ed222377be633e93e3f6d8937e9
2025-01-24,uv,1ef47aa1d51837931f89602b3277d83389e3425d
2025-01-23,uv,cbf6d5af9e65574f9a8dec353e6d038fc0a1662b
2025-01-22,uv,183fe403c66831c0bb0d4e5ade21e570410728f8
2025-01-21,uv,cee8770cb0d36c4c85450f680faa817524e6ac3a
2025-01-20,uv,e5e882889c86eaf48a073a6d83cb80a7ea42111f
2025-01-19,uv,5e5cb8797d10e1e16c18af94fb32ceeb3e0014dc
2025-01-18,uv,c306e46e1d3342a923ab587a1e9d3313dddb3000
2025-01-17,uv,3478c068bbbeac920df57794dbe41dd34f272aa2
2025-01-16,uv,33446091d2ebbed21e8a728db03495f9f34e1696
2025-01-15,uv,37e31c38cb6b0d53c240a0f6311cedd1436a246f
2025-01-14,uv,9e06aa89ecbb0c8d23aa76d9c541f47b254617b8
2025-01-13,uv,f261c65bdd8d4d71c03fa0ce473710ab28807128
2025-01-12,uv,1e48c1283709919af10174bb8a5094142b0da07f
2025-01-11,uv,5aa53863a77a008b7dcabaef0f57b47839ba464d
2025-01-10,uv,c198e2233efaa037a9154fd7fe2625e4c78d976b
2025-01-09,uv,c5e536f0ec66515e20dacf237817914f3b56fc79
2025-01-08,uv,2e0d7429ef3d31fa12f57dcef2dcdf9a6114ba31
2025-01-07,uv,4c0922ee1b576ea2de484f843148f07658b27a27
2025-01-06,uv,0d57d298e68999be63fd0183fd0723686a6ec32a
2025-01-05,uv,bbf9558b1620dc6edf3597f1bdc970bff4216ce4
2025-01-04,uv,a056cb292a501ade27ed194a3cc5bbcb2021126d
2025-01-03,uv,fbe6f1edf4c987c301d42b2d1cb39c43492d1e20
2025-01-02,uv,9f1ba2b967ef36d649218ea03cbb23e708bc7d03
2025-01-01,uv,7bbec6b2e454912f2835140e41438fa9d4ca8d6e
